month,day,Daily_Temp,Daily_Precip,Daily_Humidity,Daily_Pressure,Daily_WindDir,Daily_WindSpeed,Daily_DNI,Daily_DHI,Daily_radiation
7,2,28.161538461538463,47.30769230769231,68.53846153846153,960.3461538461538,204.0,1.2307692307692308,351.53846153846155,218.53846153846155,476.0
12,9,31.376923076923077,17.599999999999998,22.153846153846157,960.1692307692308,170.84615384615384,1.1538461538461535,620.0,96.07692307692308,490.1538461538461
12,29,31.33076923076923,20.815384615384616,20.46153846153846,958.4461538461538,188.07692307692307,0.9076923076923078,156.46153846153845,245.53846153846155,357.3076923076923
2,6,33.02307692307692,14.3,13.307692307692308,960.0307692307692,154.0,0.8692307692307693,228.15384615384616,242.84615384615384,420.0
9,29,25.153846153846157,50.20769230769231,82.23076923076923,960.5307692307692,134.46153846153845,1.7000000000000002,74.84615384615384,240.23076923076923,309.15384615384613
6,18,27.73076923076923,46.41538461538461,67.61538461538461,962.9153846153846,155.0,2.0384615384615383,97.92307692307692,206.07692307692307,271.2307692307692
12,19,31.00769230769231,26.96923076923077,29.53846153846154,959.1846153846152,119.6153846153846,2.123076923076923,250.07692307692307,219.23076923076923,386.61538461538464
9,13,23.03846153846154,49.72307692307693,86.61538461538461,962.2230769230767,125.3846153846154,0.7846153846153846,42.84615384615385,282.61538461538464,323.0
10,24,24.71538461538461,49.62307692307692,83.92307692307692,960.8692307692309,187.6153846153846,1.376923076923077,14.0,123.53846153846152,126.53846153846152
11,7,29.700000000000003,26.32307692307692,51.30769230769231,959.0846153846154,154.30769230769232,1.0076923076923077,562.8461538461538,126.3846153846154,509.38461538461536
10,23,27.33076923076923,42.96153846153846,72.46153846153847,958.7615384615384,177.6153846153846,1.1153846153846154,243.23076923076923,228.84615384615384,408.0
11,3,30.058333333333334,30.325,33.25,960.4083333333332,90.91666666666669,3.45,507.1666666666667,169.5,529.4166666666666
1,24,30.73846153846154,6.984615384615385,6.846153846153846,961.1076923076924,74.0,4.2615384615384615,533.4615384615385,140.23076923076923,503.9230769230769
5,27,30.638461538461534,49.66153846153846,60.84615384615385,960.9769230769232,184.23076923076923,1.2384615384615385,140.07692307692307,241.3846153846154,367.5384615384616
1,30,32.52307692307692,9.053846153846154,7.923076923076923,961.6384615384616,184.6153846153846,1.492307692307692,461.3076923076923,177.0,492.9230769230769
8,23,24.246153846153845,46.76923076923077,85.92307692307692,961.9307692307692,270.53846153846155,2.523076923076923,0.3846153846153846,244.7692307692308,245.07692307692307
1,21,31.253846153846155,14.946153846153846,12.461538461538462,959.876923076923,99.6923076923077,2.3076923076923075,344.9230769230769,202.6153846153846,441.7692307692308
1,16,31.515384615384612,12.761538461538462,12.0,960.6076923076924,112.92307692307692,1.7461538461538462,386.2307692307692,191.07692307692307,452.7692307692308
9,9,23.946153846153848,48.97692307692308,86.84615384615384,963.5615384615384,226.84615384615384,1.907692307692308,176.07692307692307,295.9230769230769,438.0769230769231
4,23,30.56153846153846,39.64615384615384,58.30769230769231,959.2,199.7692307692308,1.9615384615384612,65.0,288.15384615384613,326.61538461538464
3,6,33.76153846153846,21.192307692307693,21.0,959.7307692307692,135.30769230769232,1.5846153846153848,343.0769230769231,216.15384615384616,495.61538461538464
9,23,25.17692307692308,44.0923076923077,84.23076923076923,962.3923076923076,207.3846153846154,1.5384615384615383,144.6153846153846,265.2307692307692,391.2307692307692
3,11,33.13846153846154,42.95384615384615,42.69230769230769,957.7923076923076,255.7692307692308,2.223076923076923,122.84615384615384,309.6923076923077,406.0769230769231
12,22,30.984615384615385,9.43846153846154,10.692307692307692,961.0692307692308,62.30769230769231,1.7999999999999998,630.0,102.0,496.2307692307692
11,27,31.22307692307692,17.092307692307692,25.692307692307693,959.3,84.84615384615384,1.623076923076923,619.3846153846154,103.46153846153848,502.46153846153845
5,18,30.21538461538461,47.13076923076923,61.46153846153846,961.0769230769232,252.23076923076923,2.2384615384615385,90.46153846153848,301.3076923076923,383.46153846153845
9,28,26.1,42.67692307692308,75.84615384615384,959.8461538461538,212.92307692307693,1.3923076923076925,330.0769230769231,229.0,468.9230769230769
11,1,28.553846153846152,35.56153846153846,61.23076923076923,959.623076923077,81.15384615384616,0.9615384615384616,429.6923076923077,173.3846153846154,482.1538461538461
8,18,23.96923076923077,51.51538461538462,89.0,960.3076923076924,248.3846153846154,2.0615384615384618,192.92307692307693,220.30769230769232,350.84615384615387
5,26,29.746153846153845,49.638461538461534,58.07692307692308,961.546153846154,146.92307692307693,1.492307692307692,206.84615384615384,276.0,440.6923076923077
3,13,32.76923076923077,40.53076923076923,40.07692307692308,957.546153846154,263.61538461538464,2.330769230769231,303.61538461538464,244.6153846153846,482.0769230769231
10,8,25.82307692307692,46.88461538461539,76.3076923076923,961.6,206.84615384615384,1.0384615384615383,213.0,194.53846153846155,372.61538461538464
8,1,24.72307692307692,50.5,85.53846153846153,963.3076923076924,248.92307692307693,2.1461538461538465,43.84615384615385,274.0769230769231,305.2307692307692
3,9,33.84615384615385,27.646153846153844,36.46153846153846,957.4230769230768,161.84615384615384,1.6846153846153844,394.0769230769231,215.6153846153846,508.9230769230769
4,13,33.669230769230765,35.84615384615385,34.23076923076923,959.2230769230767,227.07692307692307,1.3384615384615384,380.61538461538464,211.6153846153846,518.6153846153846
11,15,29.683333333333334,33.9,48.16666666666666,958.6833333333334,95.16666666666669,1.25,483.1666666666667,171.08333333333334,509.6666666666667
12,18,31.41538461538461,19.084615384615383,17.846153846153847,959.2923076923076,119.46153846153848,1.946153846153846,360.2307692307692,187.46153846153845,427.38461538461536
9,17,25.069230769230767,44.12307692307692,77.53846153846153,962.3307692307692,220.3846153846154,1.6307692307692307,197.84615384615384,240.30769230769232,420.2307692307692
12,10,31.807692307692307,20.96153846153846,25.76923076923077,960.2076923076924,153.07692307692307,1.276923076923077,566.5384615384615,106.6153846153846,478.38461538461536
1,7,31.26153846153846,25.23076923076923,20.23076923076923,959.3615384615384,106.3846153846154,1.9307692307692308,90.76923076923076,264.0769230769231,331.2307692307692
1,19,31.76923076923077,15.023076923076925,12.692307692307692,959.9461538461538,67.76923076923077,1.8923076923076925,460.0,157.6153846153846,472.3076923076923
12,1,30.43846153846154,19.07692307692308,23.923076923076923,959.7307692307692,122.6153846153846,1.7538461538461538,546.7692307692307,122.6153846153846,483.0769230769231
11,15,30.866666666666664,22.6,25.0,959.7416666666668,98.25,3.1833333333333336,570.1666666666666,144.16666666666666,532.75
10,13,26.23076923076923,41.83846153846154,81.38461538461539,960.5153846153846,207.30769230769232,1.4307692307692308,52.07692307692308,276.7692307692308,316.0
5,3,28.484615384615385,46.72307692307693,66.92307692307692,959.9769230769232,196.53846153846155,1.7153846153846155,146.84615384615384,297.7692307692308,414.6923076923077
7,4,24.62307692307693,47.23846153846154,76.84615384615384,963.4,230.23076923076923,1.1076923076923078,96.3076923076923,282.61538461538464,340.7692307692308
11,16,30.26153846153846,26.607692307692307,34.61538461538461,958.0307692307692,87.61538461538461,1.1615384615384614,561.0,115.6153846153846,497.46153846153845
1,10,31.33076923076923,9.315384615384614,12.307692307692308,958.7230769230767,114.0,2.3461538461538463,560.0,125.53846153846152,492.0769230769231
9,13,26.4,46.53846153846154,80.38461538461539,962.0,250.7692307692308,1.7846153846153845,179.69230769230768,296.7692307692308,433.6923076923077
11,8,29.661538461538463,22.315384615384616,48.76923076923077,959.2153846153846,103.0,1.5384615384615383,634.1538461538462,104.07692307692308,524.8461538461538
1,15,31.07692307692308,14.738461538461538,14.923076923076923,959.1615384615384,160.0,1.2923076923076924,410.3076923076923,182.6153846153846,460.2307692307692
4,19,33.01538461538461,34.43076923076923,34.23076923076923,958.4769230769232,226.46153846153845,2.4461538461538463,371.9230769230769,219.92307692307693,515.5384615384615
5,4,30.615384615384617,49.73846153846154,57.0,960.3846153846154,191.6153846153846,1.7461538461538462,8.307692307692308,264.53846153846155,268.6923076923077
4,14,34.51538461538461,32.0,31.923076923076923,958.9923076923076,163.0,1.7999999999999998,236.6153846153846,278.61538461538464,465.84615384615387
9,3,23.23846153846154,47.52307692307692,90.76923076923076,962.0769230769232,238.69230769230768,1.2230769230769232,85.53846153846153,233.53846153846155,297.61538461538464
4,28,32.49230769230769,40.57692307692308,50.0,960.7923076923076,239.46153846153845,1.5692307692307692,326.38461538461536,254.84615384615384,487.84615384615387
3,20,33.73076923076923,31.638461538461534,40.0,958.7615384615384,244.46153846153845,1.515384615384615,219.69230769230768,275.3076923076923,464.38461538461536
11,29,31.525,18.925,21.58333333333333,959.9916666666668,98.08333333333331,2.2666666666666666,629.9166666666666,120.91666666666669,527.75
3,30,34.215384615384615,35.04615384615385,43.53846153846154,957.3538461538462,189.46153846153845,1.2999999999999998,13.461538461538462,343.2307692307692,355.9230769230769
3,14,32.76923076923077,17.284615384615385,11.153846153846152,959.7692307692308,206.15384615384616,1.7384615384615385,161.6153846153846,289.61538461538464,430.46153846153845
1,26,30.584615384615383,7.315384615384615,8.307692307692308,961.4692307692308,91.92307692307692,1.4307692307692308,481.1538461538461,161.6153846153846,497.38461538461536
11,2,28.933333333333334,25.35,41.5,960.425,105.41666666666669,1.5916666666666668,143.41666666666666,279.3333333333333,392.3333333333333
7,11,23.26923076923077,50.96923076923077,87.46153846153847,962.2769230769233,250.53846153846155,1.1076923076923078,65.07692307692308,277.3076923076923,303.53846153846155
1,20,31.446153846153848,21.06153846153846,18.615384615384617,959.823076923077,102.46153846153848,1.9153846153846152,137.53846153846155,260.6923076923077,361.9230769230769
8,12,22.33076923076923,51.607692307692304,89.84615384615384,963.0307692307692,229.07692307692307,2.253846153846154,59.30769230769231,235.23076923076923,268.3076923076923
9,10,26.46923076923077,51.138461538461534,78.6923076923077,961.9,262.7692307692308,0.7769230769230769,73.84615384615384,266.0769230769231,307.9230769230769
2,7,33.00769230769231,20.03846153846154,11.153846153846152,960.3923076923076,99.3846153846154,1.6153846153846154,374.38461538461536,202.30769230769232,472.1538461538461
3,2,31.253846153846155,39.67692307692308,47.84615384615385,960.8076923076924,195.7692307692308,1.3923076923076925,44.0,314.61538461538464,351.15384615384613
4,1,32.4,43.5,50.07692307692308,958.7307692307692,219.69230769230768,2.176923076923077,61.84615384615385,309.7692307692308,368.2307692307692
6,28,25.95384615384615,47.22307692307693,72.61538461538461,962.823076923077,156.6153846153846,2.392307692307692,5.307692307692308,142.92307692307693,146.15384615384616
8,27,25.930769230769236,47.08461538461539,74.53846153846153,961.8923076923076,274.0,1.8846153846153848,258.15384615384613,253.0,458.1538461538461
5,5,31.976923076923075,41.784615384615385,52.30769230769231,960.2923076923076,145.3846153846154,1.1923076923076923,335.2307692307692,229.07692307692307,499.3076923076923
9,6,22.45384615384615,49.46153846153846,90.23076923076924,960.6615384615384,291.2307692307692,1.776923076923077,56.92307692307692,290.9230769230769,332.6923076923077
1,29,32.76153846153846,16.046153846153846,8.0,959.7153846153846,104.15384615384616,2.207692307692308,415.0,182.3846153846154,470.9230769230769
9,18,25.338461538461537,48.70769230769231,82.38461538461539,961.3307692307692,147.69230769230768,2.161538461538462,73.6923076923077,249.7692307692308,296.0
11,21,31.316666666666663,23.641666666666666,26.5,959.3333333333334,89.66666666666667,1.525,271.5,230.58333333333331,433.4166666666667
4,16,36.18461538461538,27.407692307692308,30.307692307692307,957.1846153846152,153.0,1.1615384615384614,351.7692307692308,236.3846153846154,511.3076923076923
4,21,30.91538461538461,41.33076923076923,55.15384615384615,960.3615384615384,261.2307692307692,1.907692307692308,100.07692307692308,334.3076923076923,410.0769230769231
3,1,33.88461538461539,29.76153846153846,25.53846153846154,958.8538461538462,177.6153846153846,1.5769230769230769,84.92307692307692,297.46153846153845,369.0769230769231
12,31,29.99230769230769,15.446153846153846,12.076923076923077,959.9461538461538,193.84615384615384,1.330769230769231,548.3846153846154,125.23076923076924,475.5384615384616
4,19,32.38461538461539,37.41538461538461,47.84615384615385,960.7615384615384,260.38461538461536,2.107692307692308,140.92307692307693,335.38461538461536,438.38461538461536
9,20,25.384615384615383,45.392307692307696,80.46153846153847,961.6923076923076,208.92307692307693,2.4384615384615382,210.30769230769232,213.53846153846155,380.3076923076923
3,15,33.57692307692308,12.4,10.692307692307692,958.7153846153846,197.07692307692307,1.5846153846153848,158.84615384615384,306.7692307692308,435.84615384615387
1,1,31.861538461538466,18.361538461538466,19.307692307692307,958.953846153846,116.0,1.6615384615384616,498.7692307692308,137.84615384615384,465.38461538461536
1,3,27.876923076923077,17.45384615384615,15.307692307692308,961.9692307692308,153.15384615384616,1.0692307692307692,424.1538461538461,167.30769230769232,448.0
10,1,25.33076923076923,42.52307692307692,77.61538461538461,960.2692307692308,264.2307692307692,1.4615384615384617,271.7692307692308,245.69230769230768,380.3076923076923
5,31,28.646153846153844,43.93846153846154,66.92307692307692,961.8923076923076,228.30769230769232,1.7384615384615385,134.46153846153845,309.53846153846155,402.84615384615387
4,6,32.57692307692308,41.715384615384615,47.15384615384615,959.7230769230767,210.0,2.5307692307692307,266.0,245.69230769230768,462.38461538461536
6,7,28.207692307692305,46.0923076923077,65.23076923076923,960.3,226.92307692307693,1.5230769230769232,380.0,201.69230769230768,494.6923076923077
8,8,23.553846153846152,52.13076923076923,89.6923076923077,963.1692307692308,218.23076923076923,1.7999999999999998,62.61538461538461,236.92307692307693,290.2307692307692
1,21,33.45384615384615,21.53076923076923,18.307692307692307,960.4692307692308,140.23076923076923,0.9846153846153848,184.23076923076923,253.46153846153845,383.46153846153845
3,8,33.57692307692308,38.6,34.76923076923077,959.623076923077,273.38461538461536,1.6,204.6153846153846,287.53846153846155,440.6923076923077
12,17,31.407692307692308,18.93076923076923,15.23076923076923,959.1461538461538,120.76923076923076,1.330769230769231,486.61538461538464,144.07692307692307,458.5384615384616
4,10,33.76923076923077,31.72307692307692,36.38461538461539,956.253846153846,194.92307692307693,1.0692307692307692,250.69230769230768,273.3076923076923,463.0769230769231
4,8,31.115384615384617,45.42307692307692,51.38461538461539,958.4615384615385,216.3846153846154,2.3,265.2307692307692,258.15384615384613,474.3076923076923
9,11,26.284615384615385,48.65384615384615,80.07692307692308,962.6153846153846,210.92307692307693,1.1615384615384614,89.6923076923077,250.46153846153845,306.9230769230769
3,29,33.95384615384615,19.838461538461537,14.846153846153848,958.8846153846154,110.0,1.669230769230769,86.92307692307692,317.53846153846155,399.3076923076923
3,5,33.646153846153844,14.63846153846154,11.461538461538462,957.8307692307692,118.92307692307692,2.3000000000000003,396.9230769230769,209.53846153846155,514.9230769230769
2,26,32.26153846153846,29.35384615384616,24.153846153846157,958.7384615384616,166.84615384615384,1.823076923076923,110.84615384615384,291.15384615384613,382.7692307692308
9,8,25.346153846153847,48.54615384615385,76.84615384615384,961.4,152.92307692307693,1.646153846153846,305.61538461538464,203.0,414.2307692307692
5,23,30.484615384615385,47.27692307692308,56.53846153846154,961.9615384615385,191.84615384615384,1.323076923076923,212.30769230769232,274.46153846153845,449.0769230769231
2,16,33.53846153846154,16.03846153846154,8.461538461538462,958.2230769230767,85.76923076923077,2.6153846153846154,470.5384615384616,169.46153846153845,511.9230769230769
5,17,28.846153846153847,42.98461538461538,62.15384615384615,960.4,214.15384615384616,2.0461538461538464,265.15384615384613,259.46153846153845,449.7692307692308
7,5,24.315384615384616,49.98461538461538,81.61538461538461,961.8846153846154,270.0,1.8384615384615384,194.53846153846155,276.53846153846155,396.6923076923077
9,20,26.53076923076923,44.76153846153846,75.15384615384616,961.0076923076924,247.0,1.2230769230769232,168.76923076923077,217.6153846153846,341.46153846153845
8,22,24.99230769230769,46.715384615384615,81.0,961.376923076923,251.7692307692308,1.2461538461538462,174.53846153846155,234.84615384615384,369.0769230769231
2,2,30.376923076923077,11.692307692307692,10.923076923076923,961.4846153846154,171.30769230769232,2.0538461538461537,419.61538461538464,186.30769230769232,484.7692307692308
12,29,30.207692307692305,12.569230769230767,12.153846153846152,959.123076923077,208.53846153846155,1.7307692307692308,519.8461538461538,137.69230769230768,471.0769230769231
4,2,34.15384615384615,15.63076923076923,10.0,959.4692307692308,122.3076923076923,2.176923076923077,304.7692307692308,248.69230769230768,503.1538461538461
10,29,24.861538461538466,46.26923076923077,74.15384615384616,959.8307692307692,153.23076923076923,1.1923076923076923,218.53846153846155,273.9230769230769,402.61538461538464
2,18,29.307692307692307,14.076923076923077,14.0,960.7307692307692,154.0,2.276923076923077,251.15384615384616,254.15384615384616,448.5384615384616
12,9,30.99230769230769,25.107692307692307,36.46153846153846,960.0846153846154,149.69230769230768,1.4076923076923078,332.9230769230769,202.53846153846155,413.46153846153845
3,31,33.13846153846154,41.25384615384615,48.84615384615385,957.9615384615385,261.9230769230769,1.669230769230769,14.615384615384617,342.0769230769231,351.9230769230769
8,19,24.253846153846155,49.79230769230769,86.38461538461539,961.546153846154,117.84615384615384,1.0846153846153843,277.2307692307692,220.07692307692307,460.0
10,12,27.45384615384615,35.46153846153846,70.61538461538461,960.0846153846154,264.7692307692308,1.2,163.69230769230768,299.46153846153845,415.6923076923077
7,19,23.22307692307692,51.15384615384615,89.07692307692308,961.5307692307692,228.84615384615384,2.230769230769231,99.84615384615384,248.92307692307693,313.2307692307692
7,17,23.76153846153846,50.107692307692304,85.76923076923077,962.8384615384616,241.69230769230768,1.669230769230769,26.923076923076923,163.53846153846155,172.3846153846154
10,4,23.57692307692308,47.53846153846154,87.61538461538461,959.9615384615385,119.6923076923077,2.8615384615384616,185.23076923076923,292.84615384615387,417.84615384615387
3,18,33.91538461538461,33.3,31.615384615384617,958.6615384615384,199.53846153846155,1.3692307692307693,153.3846153846154,321.53846153846155,429.7692307692308
8,20,23.653846153846157,51.52307692307692,91.84615384615384,959.0769230769232,256.3076923076923,2.1307692307692307,4.923076923076923,208.46153846153845,212.07692307692307
1,7,32.292307692307695,11.238461538461538,12.0,958.9153846153846,93.6923076923077,2.869230769230769,362.7692307692308,207.23076923076923,435.61538461538464
9,26,24.73076923076923,41.69230769230769,76.84615384615384,962.1307692307691,151.53846153846155,0.8538461538461538,250.92307692307693,275.38461538461536,428.3076923076923
3,18,31.62307692307693,40.8,47.0,958.2307692307692,237.92307692307693,1.9692307692307691,9.692307692307692,185.6153846153846,191.6153846153846
12,8,30.76153846153846,18.415384615384617,24.153846153846157,959.9923076923076,150.30769230769232,1.2076923076923076,617.6923076923077,100.6153846153846,488.6923076923077
8,11,24.115384615384617,41.53076923076923,76.46153846153847,962.8076923076924,227.84615384615384,2.4,185.84615384615384,207.3846153846154,361.38461538461536
3,1,34.06923076923077,16.138461538461538,10.23076923076923,957.2307692307692,114.3846153846154,2.376923076923077,405.1538461538461,199.30769230769232,512.2307692307693
7,13,24.56153846153846,49.38461538461539,82.07692307692308,962.623076923077,245.0,1.4153846153846157,47.46153846153846,296.0,332.9230769230769
6,9,26.03846153846154,47.07692307692308,73.15384615384616,960.5230769230768,181.53846153846155,1.3076923076923077,132.53846153846155,214.0,334.53846153846155
10,22,29.4,26.161538461538463,54.46153846153846,960.0846153846154,112.84615384615384,0.8,518.9230769230769,158.15384615384616,511.61538461538464
8,21,22.04615384615385,52.56153846153846,94.3076923076923,960.1076923076924,250.46153846153845,1.830769230769231,0.6153846153846154,238.30769230769232,238.7692307692308
9,22,27.153846153846157,44.95384615384615,76.76923076923077,960.7,227.53846153846155,1.1615384615384614,257.84615384615387,243.23076923076923,455.2307692307692
4,18,32.715384615384615,34.38461538461539,46.15384615384615,959.4615384615385,222.92307692307693,1.9384615384615385,97.84615384615384,324.15384615384613,411.1538461538461
3,2,34.07692307692308,19.307692307692307,12.76923076923077,957.7076923076924,96.53846153846152,3.869230769230769,233.6153846153846,268.6923076923077,448.6923076923077
6,3,27.57692307692308,44.8,75.38461538461539,961.5692307692308,219.46153846153845,1.7538461538461538,197.84615384615384,302.0,441.5384615384616
1,13,33.53846153846154,19.66923076923077,20.692307692307693,958.676923076923,110.6153846153846,1.553846153846154,455.0769230769231,161.0,460.38461538461536
2,6,31.53846153846154,16.338461538461537,9.846153846153848,960.7,167.07692307692307,1.5615384615384615,271.9230769230769,242.7692307692308,440.38461538461536
2,13,31.27692307692308,12.86923076923077,14.615384615384617,960.6153846153846,164.15384615384616,0.953846153846154,97.23076923076924,294.53846153846155,374.7692307692308
4,26,30.8,41.25384615384615,55.92307692307692,959.3461538461538,226.3846153846154,2.1923076923076925,219.7692307692308,243.23076923076923,412.3076923076923
12,11,30.146153846153844,22.407692307692308,24.846153846153847,960.123076923077,122.53846153846152,1.4769230769230768,543.6153846153846,123.53846153846152,470.6923076923077
12,3,31.116666666666664,15.716666666666669,18.666666666666668,960.5333333333332,136.41666666666666,1.45,505.6666666666667,169.41666666666666,499.6666666666667
3,6,34.646153846153844,30.27692307692308,16.307692307692307,958.323076923077,124.84615384615384,1.5384615384615383,224.53846153846155,264.9230769230769,440.38461538461536
3,10,33.95384615384615,28.200000000000003,36.53846153846154,957.2384615384616,196.07692307692307,1.2692307692307692,410.1538461538461,196.15384615384616,515.9230769230769
10,22,28.200000000000003,46.49230769230769,69.38461538461539,958.9461538461538,168.15384615384616,0.6307692307692307,287.2307692307692,222.7692307692308,446.2307692307692
2,20,33.80769230769231,19.784615384615385,14.076923076923077,957.7846153846154,113.15384615384616,1.5769230769230769,253.23076923076923,250.53846153846155,448.9230769230769
8,1,22.184615384615384,52.33076923076923,94.3846153846154,965.1153846153846,262.7692307692308,1.5461538461538462,0.0,138.3846153846154,138.3846153846154
12,13,31.63076923076923,29.62307692307693,29.846153846153847,958.676923076923,199.46153846153845,1.0384615384615383,511.2307692307692,129.0,459.0769230769231
1,6,31.0,25.77692307692308,18.07692307692308,959.6153846153846,114.07692307692308,1.546153846153846,187.69230769230768,233.3846153846154,369.0769230769231
10,2,24.584615384615383,44.74615384615385,77.92307692307692,960.046153846154,117.46153846153848,3.2,236.84615384615384,226.92307692307693,424.1538461538461
8,31,26.423076923076923,49.38461538461539,77.76923076923077,960.823076923077,213.7692307692308,0.8461538461538461,35.38461538461539,233.0,248.53846153846155
10,28,22.808333333333334,48.75833333333333,85.33333333333333,960.9583333333334,120.5,2.45,270.9166666666667,258.0833333333333,441.3333333333333
2,11,32.12307692307692,14.246153846153844,10.615384615384617,960.9,68.15384615384616,3.7,209.53846153846155,253.7692307692308,422.61538461538464
7,26,25.338461538461537,49.12307692307692,81.0,961.2,250.92307692307693,1.815384615384616,241.23076923076923,211.53846153846155,391.6923076923077
9,19,26.069230769230767,47.61538461538461,78.38461538461539,961.2923076923076,153.46153846153845,2.0,56.07692307692308,283.46153846153845,326.7692307692308
7,8,25.76923076923077,49.96153846153846,77.07692307692308,960.5,199.15384615384616,1.5,68.38461538461539,250.30769230769232,296.84615384615387
9,2,25.46923076923077,50.7,81.92307692307692,962.1,232.92307692307693,1.7846153846153845,221.15384615384616,251.30769230769232,435.0
6,23,25.59230769230769,47.34615384615385,75.07692307692308,962.1923076923076,124.6923076923077,1.9153846153846152,231.07692307692307,276.61538461538464,429.7692307692308
4,30,29.838461538461537,46.03076923076923,61.07692307692308,962.046153846154,227.15384615384616,2.4461538461538463,140.76923076923077,228.6153846153846,333.9230769230769
11,19,29.925,19.866666666666667,25.0,959.275,126.58333333333331,1.8166666666666669,491.9166666666667,177.33333333333334,509.4166666666667
3,7,33.52307692307692,29.138461538461534,16.076923076923077,958.5615384615384,115.0,1.5,142.84615384615384,287.0769230769231,394.1538461538461
9,28,24.05,49.475,85.5,960.9666666666668,226.83333333333331,1.5916666666666668,11.25,194.16666666666663,204.91666666666663
6,22,23.9,47.284615384615385,83.38461538461539,963.2692307692308,147.6153846153846,1.4692307692307691,18.23076923076923,101.3076923076923,105.76923076923076
6,18,24.82307692307692,47.138461538461534,81.23076923076923,962.7846153846154,167.0,1.2846153846153845,140.23076923076923,183.92307692307693,307.0
3,27,33.63846153846154,19.753846153846155,12.23076923076923,959.2,93.3846153846154,2.1923076923076925,169.92307692307693,294.61538461538464,438.7692307692308
7,13,25.376923076923077,50.284615384615385,81.15384615384616,960.623076923077,221.30769230769232,2.3846153846153846,85.53846153846153,280.61538461538464,357.61538461538464
7,10,22.700000000000003,49.26153846153846,90.84615384615384,961.6692307692308,259.53846153846155,2.0615384615384618,0.0,92.46153846153848,92.46153846153848
12,7,30.79230769230769,15.823076923076922,18.615384615384617,959.5,99.23076923076924,2.2,637.6923076923077,91.6923076923077,496.0
1,6,32.65384615384615,14.46923076923077,13.307692307692308,958.453846153846,99.3076923076923,2.715384615384615,586.1538461538462,114.15384615384616,489.0769230769231
10,31,30.275,22.46666666666667,38.0,959.725,85.33333333333333,1.5083333333333335,599.5833333333334,141.75,561.3333333333334
8,7,22.753846153846155,44.95384615384615,84.15384615384616,964.4923076923076,217.23076923076923,2.646153846153846,6.615384615384615,251.53846153846155,256.6923076923077
10,17,26.29230769230769,44.3,76.0,960.9846153846154,152.15384615384616,1.7615384615384615,325.61538461538464,220.30769230769232,434.7692307692308
1,12,31.807692307692307,12.307692307692308,12.076923076923077,959.7230769230767,134.23076923076923,1.0769230769230769,479.9230769230769,151.69230769230768,473.38461538461536
6,8,28.753846153846155,48.18461538461538,62.69230769230769,960.3307692307692,213.23076923076923,1.4230769230769231,168.84615384615384,215.53846153846155,337.0769230769231
2,10,32.03076923076923,19.384615384615383,15.0,961.8538461538462,88.0,2.6384615384615384,23.615384615384617,328.7692307692308,349.3076923076923
3,25,29.315384615384616,45.06153846153846,53.46153846153846,959.3692307692309,266.0769230769231,2.269230769230769,245.07692307692307,258.53846153846155,472.84615384615387
2,17,32.02307692307692,13.007692307692308,7.538461538461538,959.7769230769233,58.23076923076923,4.315384615384615,360.15384615384613,210.15384615384616,482.46153846153845
10,14,27.16923076923077,40.823076923076925,74.3076923076923,959.7384615384616,257.0769230769231,1.4384615384615385,298.15384615384613,245.69230769230768,454.3076923076923
2,19,33.146153846153844,22.484615384615385,15.153846153846152,959.176923076923,114.46153846153848,1.3384615384615384,147.84615384615384,288.3076923076923,404.1538461538461
6,26,26.86923076923077,42.57692307692308,75.0,960.6076923076924,196.30769230769232,1.5846153846153848,0.0,181.15384615384616,181.15384615384616
9,17,25.26153846153846,50.53846153846154,80.38461538461539,961.7769230769233,243.46153846153845,2.0307692307692307,28.846153846153847,230.3846153846154,238.3846153846154
4,27,30.36923076923077,39.74615384615385,57.76923076923077,961.3,238.15384615384616,1.8846153846153848,300.38461538461536,267.0,484.61538461538464
6,22,25.846153846153847,48.5923076923077,79.76923076923077,961.4615384615385,203.6153846153846,1.907692307692308,36.84615384615385,278.6923076923077,311.15384615384613
9,26,26.253846153846155,46.77692307692308,81.61538461538461,961.9,217.0,1.7923076923076924,62.76923076923077,318.38461538461536,362.6923076923077
8,13,23.200000000000003,51.15384615384615,89.76923076923077,963.5307692307692,247.23076923076923,2.2153846153846155,26.692307692307693,228.30769230769232,242.0
12,26,30.376923076923077,16.315384615384616,17.076923076923077,958.3615384615384,140.3846153846154,1.807692307692308,434.7692307692308,157.23076923076923,448.6923076923077
4,6,34.54615384615384,27.523076923076925,32.38461538461539,957.9846153846154,199.84615384615384,1.5461538461538462,314.53846153846155,250.0,499.38461538461536
4,16,33.93846153846154,36.83846153846154,36.0,956.9,185.30769230769232,1.723076923076923,409.0769230769231,197.6153846153846,527.3076923076923
1,29,31.615384615384617,9.753846153846151,8.76923076923077,960.746153846154,182.92307692307693,1.2461538461538462,265.2307692307692,263.3076923076923,430.61538461538464
7,17,24.73846153846154,49.14615384615384,80.38461538461539,963.8153846153848,227.30769230769232,2.1153846153846154,237.69230769230768,241.07692307692307,423.3076923076923
3,14,31.96923076923077,32.93076923076923,35.15384615384615,958.6538461538462,235.7692307692308,2.269230769230769,0.0,283.6923076923077,283.6923076923077
6,1,28.1,45.66153846153846,64.23076923076923,960.323076923077,192.69230769230768,2.607692307692308,345.6923076923077,199.23076923076923,485.84615384615387
9,23,24.876923076923077,49.215384615384615,82.53846153846153,961.7153846153846,169.84615384615384,1.2999999999999998,176.0,238.15384615384616,375.0769230769231
8,20,24.707692307692305,49.284615384615385,84.46153846153847,960.823076923077,150.84615384615384,1.5923076923076922,271.61538461538464,273.7692307692308,440.0769230769231
2,15,32.707692307692305,13.553846153846154,11.846153846153848,959.0307692307692,185.6153846153846,1.2,377.7692307692308,214.30769230769232,487.3076923076923
1,4,33.23076923076923,16.6,17.23076923076923,958.3538461538462,90.0,1.9307692307692308,557.9230769230769,122.53846153846152,480.61538461538464
7,15,25.138461538461534,51.284615384615385,81.3076923076923,961.6076923076924,280.15384615384613,1.6615384615384616,6.230769230769231,193.53846153846155,199.69230769230768
10,3,25.12307692307693,46.323076923076925,75.53846153846153,961.1,94.3076923076923,1.8692307692307693,288.9230769230769,255.92307692307693,456.61538461538464
4,9,32.48461538461539,35.65384615384615,43.69230769230769,957.546153846154,235.46153846153845,2.223076923076923,10.153846153846152,285.46153846153845,294.9230769230769
11,28,31.825000000000003,22.416666666666668,26.166666666666668,960.425,97.41666666666669,1.3083333333333331,574.75,140.66666666666666,515.5833333333334
3,3,33.9,15.13076923076923,11.076923076923077,957.7923076923076,98.6923076923077,2.7384615384615385,417.3076923076923,200.15384615384616,517.6923076923077
4,3,34.0,17.476923076923075,10.384615384615383,958.6,155.76923076923077,1.6923076923076923,302.3076923076923,259.6923076923077,499.6923076923077
11,7,29.35,27.141666666666666,29.916666666666668,961.3666666666668,129.83333333333334,1.7333333333333334,526.0833333333334,159.33333333333334,530.1666666666666
7,12,24.846153846153847,50.38461538461539,81.46153846153847,962.5384615384615,240.30769230769232,1.2461538461538462,2.230769230769231,255.53846153846155,257.6923076923077
5,7,28.646153846153844,45.51538461538462,59.76923076923077,961.823076923077,183.53846153846155,2.2846153846153845,232.07692307692307,263.46153846153845,449.9230769230769
8,16,23.815384615384616,52.99230769230769,89.6923076923077,961.6461538461538,264.38461538461536,2.3461538461538463,0.0,116.46153846153848,116.46153846153848
8,29,25.338461538461537,50.76923076923077,81.07692307692308,960.0230769230768,168.23076923076923,0.9692307692307692,221.6153846153846,242.0,426.0
12,12,31.56153846153846,26.03846153846154,27.307692307692307,959.7,184.07692307692307,0.9230769230769232,503.38461538461536,133.69230769230768,459.84615384615387
9,30,25.515384615384612,49.63076923076923,82.38461538461539,959.7692307692308,139.07692307692307,2.0153846153846158,220.30769230769232,273.46153846153845,434.3076923076923
4,25,30.638461538461534,41.94615384615384,58.53846153846154,959.1,265.84615384615387,2.223076923076923,138.92307692307693,293.61538461538464,404.0
9,14,25.3,50.94615384615384,84.76923076923077,961.746153846154,278.38461538461536,1.3923076923076925,276.0769230769231,242.84615384615384,479.84615384615387
10,11,26.5,40.66666666666666,72.75,961.8083333333334,262.5833333333333,1.7916666666666667,108.08333333333331,332.75,408.5833333333333
3,19,31.82307692307692,40.84615384615385,43.76923076923077,958.1846153846152,215.69230769230768,1.7076923076923076,3.769230769230769,315.38461538461536,317.6923076923077
1,17,31.784615384615385,15.176923076923078,12.692307692307692,961.5230769230768,136.3846153846154,0.8692307692307693,418.3076923076923,175.92307692307693,460.3076923076923
10,6,24.77692307692308,49.8,84.38461538461539,960.4153846153846,274.61538461538464,2.0538461538461537,192.30769230769232,207.53846153846155,324.2307692307692
5,26,30.661538461538463,37.86923076923077,54.0,960.0538461538462,247.0,2.0,110.07692307692308,305.53846153846155,379.38461538461536
3,22,32.73846153846154,39.53846153846154,42.46153846153846,958.6307692307691,224.46153846153845,2.392307692307692,160.15384615384616,305.0,440.38461538461536
1,30,32.96666666666667,17.933333333333334,11.416666666666666,959.5916666666668,136.33333333333334,1.425,300.75,241.83333333333331,464.3333333333333
9,4,25.207692307692305,45.91538461538461,81.23076923076923,961.4230769230768,218.07692307692307,1.053846153846154,42.46153846153846,279.6923076923077,319.0769230769231
9,27,25.73846153846154,46.18461538461538,78.23076923076923,961.0769230769232,208.46153846153845,1.3076923076923077,212.84615384615384,287.0769230769231,438.5384615384616
2,14,32.77692307692308,18.26923076923077,15.923076923076923,957.823076923077,134.30769230769232,1.4769230769230768,416.6923076923077,197.15384615384616,494.3076923076923
4,9,31.476923076923075,44.35384615384616,52.69230769230769,959.2076923076924,211.30769230769232,1.9538461538461536,87.3076923076923,245.46153846153845,305.38461538461536
8,15,24.43846153846154,39.73076923076923,79.61538461538461,961.3538461538462,241.30769230769232,2.3461538461538463,307.46153846153845,254.92307692307693,468.84615384615387
9,11,25.784615384615385,48.73076923076923,77.53846153846153,960.4846153846154,250.7692307692308,1.376923076923077,152.30769230769232,285.61538461538464,363.5384615384616
2,12,30.12307692307693,12.76923076923077,11.76923076923077,961.2384615384616,93.6923076923077,1.8923076923076925,113.07692307692308,294.15384615384613,385.0
6,4,28.73076923076923,44.33076923076923,62.15384615384615,960.746153846154,211.0,1.6,35.92307692307692,290.53846153846155,321.38461538461536
11,25,31.54615384615385,20.91538461538461,33.69230769230769,959.6538461538462,104.3846153846154,1.507692307692308,608.8461538461538,108.84615384615384,498.9230769230769
6,2,28.023076923076925,42.9076923076923,70.0,962.0153846153846,222.23076923076923,1.7307692307692308,221.7692307692308,286.53846153846155,450.0769230769231
10,6,27.638461538461534,46.36153846153847,72.92307692307692,960.7692307692308,181.92307692307693,0.9923076923076924,139.3846153846154,221.07692307692307,347.38461538461536
5,1,32.52307692307692,36.96153846153846,44.46153846153846,957.7,245.92307692307693,1.5769230769230769,372.7692307692308,210.3846153846154,499.7692307692308
3,22,31.107692307692307,38.669230769230765,48.30769230769231,959.2769230769233,235.23076923076923,2.330769230769231,80.6923076923077,323.2307692307692,375.38461538461536
3,20,30.83846153846154,41.80769230769231,45.69230769230769,958.4230769230768,224.92307692307693,2.0615384615384618,104.6923076923077,296.15384615384613,382.9230769230769
1,18,31.16153846153846,15.892307692307693,14.692307692307692,961.8307692307692,189.15384615384616,1.492307692307692,249.92307692307693,233.30769230769232,407.0769230769231
9,10,25.476923076923075,48.6,79.0,962.1076923076924,191.53846153846155,0.7461538461538461,132.76923076923077,251.23076923076923,337.2307692307692
4,14,33.323076923076925,31.32307692307692,35.69230769230769,959.1923076923076,197.92307692307693,0.9230769230769232,308.46153846153845,252.6153846153846,495.84615384615387
11,20,31.35,22.95,36.25,958.8333333333334,186.58333333333331,1.425,293.5,262.5,457.0833333333333
8,21,24.29230769230769,48.76923076923077,85.0,961.8,171.30769230769232,1.6384615384615384,44.84615384615385,245.30769230769232,270.0769230769231
1,4,28.5,20.4,18.0,961.4692307692308,116.76923076923076,1.5230769230769232,248.92307692307693,225.30769230769232,391.46153846153845
1,22,30.3,18.284615384615385,12.846153846153848,961.9230769230768,116.76923076923076,1.2,222.6153846153846,243.30769230769232,400.2307692307692
3,23,32.99230769230769,42.900000000000006,43.07692307692308,958.4384615384616,215.46153846153845,2.392307692307692,158.6153846153846,326.53846153846155,434.1538461538461
11,4,30.291666666666668,36.708333333333336,33.75,959.9833333333332,100.0,2.6666666666666665,293.0,246.83333333333331,459.0
11,9,30.866666666666664,32.71666666666667,38.66666666666666,961.3916666666668,116.0,0.9583333333333334,423.3333333333333,197.16666666666663,497.9166666666667
12,30,31.45384615384615,21.015384615384612,21.846153846153847,959.123076923077,136.76923076923077,1.492307692307692,351.3076923076923,187.84615384615384,427.7692307692308
1,23,31.707692307692305,16.807692307692307,13.076923076923077,959.2846153846154,169.92307692307693,1.0692307692307692,142.84615384615384,264.38461538461536,371.61538461538464
7,27,23.54615384615385,51.56153846153846,90.46153846153848,961.9230769230768,260.84615384615387,2.5307692307692307,22.07692307692308,262.2307692307692,278.7692307692308
7,23,22.04615384615385,53.03846153846154,94.3846153846154,964.2384615384616,265.0769230769231,1.7692307692307692,7.538461538461538,225.3846153846154,228.46153846153845
10,10,24.85384615384616,45.36153846153847,81.61538461538461,962.4076923076924,175.3846153846154,1.676923076923077,292.38461538461536,191.6153846153846,379.5384615384616
8,12,25.407692307692308,35.26153846153846,74.23076923076923,963.3,272.38461538461536,1.8384615384615384,413.0769230769231,221.30769230769232,509.84615384615387
11,22,31.725,23.866666666666664,27.166666666666668,959.85,96.66666666666669,1.6333333333333335,254.58333333333331,243.58333333333331,436.6666666666667
10,20,28.27692307692308,34.65384615384615,66.76923076923077,960.2384615384616,214.15384615384616,0.9230769230769232,514.8461538461538,140.6153846153846,514.4615384615385
6,17,26.284615384615385,46.73076923076923,78.3076923076923,961.1923076923076,204.30769230769232,2.623076923076923,0.0,214.7692307692308,214.7692307692308
7,12,23.984615384615385,49.66153846153846,84.3076923076923,963.7384615384616,169.30769230769232,1.4230769230769231,7.230769230769231,100.15384615384616,101.84615384615384
1,27,32.63076923076923,17.553846153846152,10.615384615384617,958.823076923077,118.3076923076923,1.7846153846153845,392.5384615384616,192.3846153846154,463.2307692307692
8,10,23.923076923076923,51.44615384615384,87.92307692307692,962.953846153846,259.3076923076923,2.1307692307692307,155.92307692307693,209.23076923076923,341.7692307692308
5,31,28.753846153846155,40.96923076923077,63.07692307692308,958.7230769230767,254.92307692307693,2.1,339.0769230769231,235.84615384615384,487.7692307692308
3,9,35.66153846153846,30.700000000000003,20.846153846153847,958.0923076923076,153.30769230769232,0.9153846153846156,199.6153846153846,275.53846153846155,442.1538461538461
9,2,24.77692307692308,47.54615384615385,82.0,961.1307692307691,158.84615384615384,2.7,145.6153846153846,269.84615384615387,389.2307692307692
3,8,33.607692307692304,24.59230769230769,29.846153846153847,958.0846153846154,183.6153846153846,1.3384615384615384,450.0,183.6153846153846,524.2307692307693
9,15,24.584615384615383,50.3,84.07692307692308,960.6076923076924,243.84615384615384,1.376923076923077,31.53846153846154,211.92307692307693,241.84615384615384
9,5,25.423076923076923,48.44615384615384,81.61538461538461,962.0307692307692,199.84615384615384,1.3461538461538465,2.4615384615384617,232.3846153846154,232.84615384615384
5,23,27.3,49.15384615384615,71.38461538461539,961.7076923076924,229.15384615384616,1.830769230769231,395.0,182.0,500.0
6,16,28.9,47.99230769230769,68.0,960.5846153846154,214.6153846153846,1.7923076923076924,95.23076923076924,297.3076923076923,361.0
9,1,22.207692307692305,50.715384615384615,93.6923076923077,960.9384615384616,278.6923076923077,2.392307692307692,7.230769230769231,167.23076923076923,168.3846153846154
1,10,32.08461538461539,20.71538461538461,20.0,961.2615384615384,137.0,1.5384615384615383,341.38461538461536,189.0,428.38461538461536
10,26,24.476923076923075,51.0923076923077,83.76923076923077,961.1538461538462,216.6153846153846,1.3923076923076925,124.0,256.0769230769231,326.7692307692308
3,27,33.92307692307692,36.00769230769231,35.38461538461539,958.5615384615384,263.46153846153845,1.1307692307692307,400.2307692307692,211.46153846153845,519.5384615384615
11,18,31.066666666666663,22.925,37.41666666666666,958.375,158.41666666666666,0.8416666666666667,641.5,119.75,544.0
7,30,23.96153846153846,46.138461538461534,85.23076923076923,962.0846153846154,264.53846153846155,2.4153846153846152,2.3846153846153846,250.07692307692307,250.69230769230768
9,13,24.192307692307693,51.56153846153846,86.3076923076923,961.1153846153846,203.07692307692307,0.9153846153846156,110.6153846153846,295.7692307692308,393.0
3,24,30.846153846153847,46.57692307692308,51.0,958.7846153846154,238.15384615384616,3.1923076923076925,226.7692307692308,282.61538461538464,462.9230769230769
9,6,26.892307692307693,45.5,73.92307692307692,962.3615384615384,165.92307692307693,1.1538461538461535,437.0,180.15384615384616,528.6923076923077
7,7,27.053846153846152,43.33846153846154,67.3076923076923,961.1384615384616,197.3846153846154,2.6538461538461537,120.3846153846154,308.53846153846155,409.6923076923077
6,19,25.107692307692307,49.638461538461534,78.84615384615384,964.2615384615384,229.23076923076923,1.4384615384615385,77.84615384615384,299.9230769230769,364.0769230769231
6,6,27.00769230769231,48.3,71.23076923076923,960.6692307692308,200.3846153846154,1.6538461538461535,314.38461538461536,220.0,478.5384615384616
12,27,30.976923076923075,17.23076923076923,16.846153846153847,960.1307692307691,143.69230769230768,0.9923076923076924,285.0,207.84615384615384,404.1538461538461
8,13,26.107692307692307,45.97692307692308,73.6923076923077,961.4,247.6153846153846,2.276923076923077,266.3076923076923,232.46153846153845,410.2307692307692
8,28,24.26923076923077,48.96923076923077,86.84615384615384,961.6923076923076,227.84615384615384,1.376923076923077,113.6923076923077,173.3846153846154,273.0
4,12,31.36923076923077,40.36153846153847,44.46153846153846,959.3846153846154,220.23076923076923,1.446153846153846,379.6923076923077,211.0,517.3076923076923
6,30,24.807692307692307,50.93076923076923,83.61538461538461,961.8,254.84615384615384,1.676923076923077,157.69230769230768,257.53846153846155,365.84615384615387
11,5,30.5,33.825,35.833333333333336,959.8416666666668,103.58333333333331,1.875,215.33333333333331,254.91666666666663,414.6666666666667
8,10,24.315384615384616,46.48461538461538,79.84615384615384,961.6615384615384,230.3846153846154,2.5307692307692307,8.846153846153847,260.2307692307692,266.38461538461536
2,14,32.8,14.538461538461538,13.384615384615383,958.9846153846154,112.76923076923076,1.1923076923076923,250.3846153846154,253.07692307692307,442.7692307692308
6,21,26.83076923076923,44.23076923076923,75.3076923076923,962.2307692307692,187.69230769230768,1.823076923076923,137.0,300.0769230769231,415.0769230769231
6,23,26.95384615384615,46.83076923076923,68.53846153846153,961.0076923076924,204.53846153846155,1.669230769230769,197.69230769230768,297.0,432.2307692307692
4,2,30.09230769230769,39.35384615384616,57.84615384615385,958.9,236.30769230769232,2.715384615384615,245.15384615384616,260.3076923076923,471.46153846153845
9,23,26.753846153846155,48.0,79.07692307692308,961.0538461538462,235.84615384615384,1.1846153846153846,99.53846153846152,280.15384615384613,371.2307692307692
4,3,32.06923076923077,43.18461538461538,49.69230769230769,958.1384615384616,228.6153846153846,2.0846153846153848,288.7692307692308,259.0769230769231,484.0769230769231
3,25,29.07692307692308,39.01538461538461,54.69230769230769,960.1,257.0,2.3461538461538463,74.46153846153847,245.46153846153845,300.7692307692308
1,26,33.04615384615385,16.5,10.461538461538462,959.3076923076924,142.6153846153846,0.8538461538461538,452.84615384615387,165.6153846153846,478.0769230769231
3,24,30.96923076923077,41.23846153846154,43.30769230769231,960.1307692307691,220.6153846153846,1.9153846153846152,30.923076923076923,307.0,334.0769230769231
3,12,32.892307692307696,34.42307692307692,30.846153846153847,958.2846153846154,111.3846153846154,2.276923076923077,145.6153846153846,296.46153846153845,407.0
5,1,30.06153846153846,45.96153846153846,59.30769230769231,962.1076923076924,222.30769230769232,2.746153846153846,176.07692307692307,270.7692307692308,424.61538461538464
12,15,32.36923076923077,22.56153846153846,24.0,958.8153846153848,104.23076923076924,1.776923076923077,518.7692307692307,128.0,463.2307692307692
2,8,33.041666666666664,15.025,11.666666666666666,958.3583333333332,179.0,1.6916666666666669,261.0833333333333,273.75,465.8333333333333
5,25,27.923076923076923,50.53846153846154,66.3076923076923,961.746153846154,239.92307692307693,1.2307692307692308,0.3076923076923077,173.07692307692307,173.23076923076923
10,26,29.066666666666663,33.233333333333334,54.66666666666666,959.2083333333334,104.83333333333331,0.8833333333333333,416.1666666666667,201.0,513.1666666666666
7,30,22.8,52.65384615384615,91.0,962.7,275.61538461538464,2.107692307692308,0.0,177.69230769230768,177.69230769230768
12,24,32.215384615384615,22.684615384615388,21.23076923076923,958.7769230769233,113.46153846153848,1.2538461538461538,554.7692307692307,120.46153846153848,472.3076923076923
3,17,31.96153846153846,37.15384615384615,41.76923076923077,958.2692307692308,234.6153846153846,2.1846153846153844,30.692307692307693,293.6923076923077,316.7692307692308
5,19,29.57692307692308,46.9076923076923,62.61538461538461,961.8153846153848,250.07692307692307,2.376923076923077,151.15384615384616,269.7692307692308,388.0
8,30,25.03846153846154,48.76923076923077,81.53846153846153,960.5615384615384,185.30769230769232,1.4,72.92307692307692,261.84615384615387,316.2307692307692
11,9,29.70833333333333,24.616666666666664,44.91666666666666,959.0,85.0,1.8833333333333333,419.0833333333333,201.16666666666663,508.25
1,9,32.746153846153845,20.192307692307693,16.923076923076923,960.4230769230768,85.53846153846153,1.6923076923076923,353.0,192.84615384615384,431.5384615384616
11,6,29.73333333333333,29.09166666666667,53.083333333333336,959.5916666666668,187.08333333333331,0.5750000000000001,524.0833333333334,171.5,529.75
7,31,24.523076923076925,49.79230769230769,84.15384615384616,961.9692307692308,208.92307692307693,1.807692307692308,69.0,193.07692307692307,221.53846153846155
5,15,30.3,48.53846153846154,58.84615384615385,960.8,201.0,2.5384615384615383,120.92307692307692,229.23076923076923,309.46153846153845
5,25,30.338461538461537,36.25384615384616,57.61538461538461,960.4307692307692,245.6153846153846,2.0,183.53846153846155,293.7692307692308,415.9230769230769
12,6,31.115384615384617,17.76923076923077,26.07692307692308,959.5769230769232,126.53846153846152,1.1153846153846154,566.3076923076923,126.84615384615384,477.5384615384616
10,21,28.766666666666666,32.583333333333336,63.0,960.5416666666666,236.08333333333331,0.6666666666666666,399.6666666666667,174.58333333333334,480.75
9,14,24.53076923076923,49.33076923076923,81.6923076923077,962.9615384615385,239.0,1.7923076923076924,177.69230769230768,252.46153846153845,376.61538461538464
5,30,31.615384615384617,42.49230769230769,49.0,958.1461538461538,172.76923076923077,1.4076923076923078,372.84615384615387,197.69230769230768,498.46153846153845
1,12,32.14615384615385,22.99230769230769,21.307692307692307,960.9230769230768,117.53846153846152,1.8615384615384616,136.6153846153846,261.0,360.61538461538464
10,1,26.284615384615385,44.92307692307692,77.3076923076923,961.2846153846154,213.6153846153846,1.3384615384615384,137.07692307692307,286.0,406.38461538461536
9,19,26.50769230769231,40.62307692307692,76.15384615384616,961.376923076923,203.7692307692308,0.8692307692307693,237.7692307692308,266.2307692307692,432.0769230769231
5,21,29.376923076923077,48.26153846153846,62.07692307692308,961.2076923076924,225.3846153846154,2.176923076923077,278.0,263.7692307692308,469.6923076923077
9,20,26.284615384615385,49.53076923076923,77.46153846153847,961.8384615384616,191.3846153846154,1.2999999999999998,233.15384615384616,274.53846153846155,458.7692307692308
11,6,30.8,23.141666666666666,29.08333333333333,960.65,63.5,2.5500000000000003,581.6666666666666,138.5,544.5
9,1,25.846153846153847,49.57692307692308,81.84615384615384,959.4692307692308,200.3846153846154,1.176923076923077,9.923076923076923,216.7692307692308,220.7692307692308
4,21,32.746153846153845,39.96923076923077,45.92307692307692,957.6384615384616,213.6153846153846,1.876923076923077,115.92307692307692,329.61538461538464,408.0769230769231
10,13,26.484615384615385,47.74615384615385,78.61538461538461,960.4,274.0,1.6384615384615384,230.92307692307693,268.0,426.3076923076923
6,25,28.976923076923075,45.5,59.0,961.1461538461538,122.53846153846152,1.2461538461538462,416.84615384615387,192.46153846153845,503.6923076923077
1,28,31.66923076923077,12.307692307692308,10.23076923076923,960.8692307692309,196.6153846153846,1.3153846153846156,304.0,230.84615384615384,443.0769230769231
11,26,31.65833333333333,25.825,30.08333333333333,958.95,116.0,1.6166666666666665,596.75,129.0,520.5
7,29,24.161538461538463,51.43846153846154,84.53846153846153,962.5538461538462,262.6923076923077,2.269230769230769,108.0,274.61538461538464,367.5384615384616
5,11,29.446153846153848,45.58461538461539,59.92307692307692,961.5923076923076,213.6153846153846,1.946153846153846,372.6923076923077,204.0,493.1538461538461
2,18,31.96923076923077,19.192307692307693,17.692307692307693,960.6538461538462,180.53846153846155,1.4538461538461538,246.15384615384616,248.84615384615384,443.3076923076923
7,21,25.29230769230769,47.815384615384616,80.3076923076923,961.1846153846152,253.84615384615384,1.6923076923076923,240.30769230769232,215.15384615384616,369.9230769230769
5,6,31.307692307692307,42.51538461538462,47.30769230769231,959.5,225.84615384615384,2.430769230769231,92.46153846153848,191.92307692307693,239.84615384615384
2,8,32.88461538461539,19.95384615384615,11.384615384615383,959.9384615384616,88.0,2.1384615384615384,352.6923076923077,207.53846153846155,471.38461538461536
3,17,33.73846153846154,27.35384615384616,25.76923076923077,958.1692307692308,140.3846153846154,1.907692307692308,243.15384615384616,276.38461538461536,467.2307692307692
2,23,30.446153846153848,22.86923076923077,16.923076923076923,960.8692307692309,120.6923076923077,2.1384615384615384,192.07692307692307,273.3076923076923,421.84615384615387
9,24,26.476923076923075,47.607692307692304,77.07692307692308,961.2076923076924,239.3846153846154,1.492307692307692,212.53846153846155,265.38461538461536,450.46153846153845
11,3,27.883333333333336,42.583333333333336,66.5,961.2083333333334,228.0,1.025,179.0,293.1666666666667,425.5833333333333
8,23,25.784615384615385,47.823076923076925,77.3076923076923,959.6461538461538,124.53846153846152,1.507692307692308,314.7692307692308,210.84615384615384,462.0
3,28,34.35384615384616,34.46153846153846,38.38461538461539,959.0,175.69230769230768,1.1615384615384614,452.5384615384616,181.69230769230768,536.6153846153846
10,10,25.73846153846154,48.5,76.46153846153847,959.6923076923076,236.3846153846154,1.3692307692307693,298.0769230769231,214.69230769230768,440.0
9,4,26.692307692307693,48.83846153846154,76.76923076923077,961.8076923076924,177.53846153846155,1.176923076923077,230.92307692307693,286.38461538461536,425.0769230769231
5,13,27.700000000000003,45.48461538461538,69.0,960.4615384615385,174.23076923076923,2.3692307692307693,147.15384615384616,189.69230769230768,284.9230769230769
7,20,24.76923076923077,42.67692307692308,79.07692307692308,961.0230769230768,243.07692307692307,1.9615384615384612,9.307692307692308,202.23076923076923,204.3846153846154
1,16,30.653846153846157,14.115384615384617,13.846153846153848,958.4846153846154,121.3846153846154,1.6538461538461535,433.46153846153845,177.92307692307693,467.6923076923077
3,10,34.44615384615385,35.207692307692305,33.23076923076923,957.4384615384616,241.92307692307693,1.7384615384615385,297.46153846153845,243.0,482.61538461538464
7,9,24.930769230769236,49.52307692307692,80.38461538461539,962.753846153846,211.69230769230768,2.3076923076923075,7.538461538461538,254.0,259.53846153846155
6,13,29.161538461538463,44.784615384615385,55.69230769230769,961.9846153846154,124.3846153846154,2.0538461538461537,196.23076923076923,264.46153846153845,418.38461538461536
8,5,22.423076923076923,52.400000000000006,93.15384615384616,965.5384615384615,242.15384615384616,1.6923076923076923,114.6923076923077,281.84615384615387,369.3076923076923
4,5,32.169230769230765,38.43076923076923,49.30769230769231,959.7846153846154,265.61538461538464,1.676923076923077,163.30769230769232,305.6923076923077,436.0769230769231
1,28,31.50769230769231,17.353846153846153,11.923076923076923,959.3076923076924,110.6153846153846,2.246153846153846,395.7692307692308,184.0,465.6923076923077
1,8,32.52307692307692,25.138461538461534,19.46153846153846,960.5692307692308,80.3076923076923,1.4692307692307691,322.15384615384613,190.30769230769232,421.3076923076923
11,11,30.175,31.575,48.333333333333336,957.8166666666666,254.5,0.7166666666666667,368.5,228.08333333333331,480.5833333333333
4,25,30.284615384615385,45.62307692307692,56.0,958.4846153846154,169.92307692307693,2.715384615384615,374.0769230769231,206.69230769230768,506.0
11,1,29.616666666666664,21.091666666666665,35.166666666666664,959.2916666666666,95.66666666666669,1.775,470.3333333333333,191.83333333333331,528.25
3,12,32.42307692307692,39.84615384615385,44.15384615384615,956.876923076923,258.3076923076923,2.1923076923076925,244.15384615384616,282.6923076923077,449.0769230769231
8,9,22.73846153846154,50.86153846153847,90.46153846153848,964.7846153846154,263.9230769230769,1.1538461538461535,5.153846153846154,205.53846153846155,208.23076923076923
6,2,27.984615384615385,44.46153846153846,64.07692307692308,960.3692307692309,195.6153846153846,1.807692307692308,95.15384615384616,288.0,367.5384615384616
5,5,31.0,37.73846153846154,46.15384615384615,958.3923076923076,259.53846153846155,1.669230769230769,308.46153846153845,253.15384615384616,480.1538461538461
7,9,25.615384615384617,51.06923076923077,80.84615384615384,961.2,264.0769230769231,2.4692307692307693,185.7692307692308,236.3846153846154,396.0769230769231
4,20,31.153846153846157,40.68461538461538,49.23076923076923,958.3076923076924,247.15384615384616,2.3461538461538463,403.9230769230769,201.7692307692308,523.2307692307693
3,3,33.11538461538461,37.0076923076923,38.84615384615385,961.1,211.7692307692308,1.2846153846153845,29.76923076923077,307.38461538461536,333.61538461538464
7,6,25.53076923076923,49.76153846153846,75.23076923076923,960.746153846154,264.84615384615387,1.492307692307692,251.7692307692308,254.15384615384616,425.1538461538461
4,18,30.76923076923077,38.70769230769231,50.61538461538461,959.323076923077,234.69230769230768,2.3076923076923075,157.23076923076923,273.7692307692308,416.61538461538464
2,9,33.15,17.308333333333334,13.666666666666666,958.8416666666668,110.33333333333331,1.8333333333333333,384.0,223.16666666666663,508.5
9,26,21.76153846153846,46.34615384615385,92.6923076923077,961.1923076923076,203.46153846153845,1.3153846153846156,52.76923076923077,193.53846153846155,222.7692307692308
2,4,30.584615384615383,16.346153846153847,11.76923076923077,962.0923076923076,169.76923076923077,1.4615384615384617,329.61538461538464,221.46153846153845,459.84615384615387
7,28,24.54615384615385,46.84615384615385,77.0,962.7846153846154,245.23076923076923,2.0153846153846158,46.30769230769231,288.0,309.3076923076923
12,6,31.95833333333333,19.741666666666667,25.0,959.8083333333334,133.83333333333334,1.5916666666666668,658.25,110.33333333333331,527.5833333333334
6,6,28.23076923076923,48.638461538461534,70.0,962.8307692307692,174.6153846153846,1.3923076923076925,35.92307692307692,283.6923076923077,315.9230769230769
2,28,34.246153846153845,25.984615384615385,14.0,959.7923076923076,129.3846153846154,1.7461538461538462,5.769230769230769,319.53846153846155,324.7692307692308
7,23,24.376923076923077,50.83846153846154,86.0,961.176923076923,252.3846153846154,3.0,63.61538461538461,179.76923076923077,217.3846153846154
2,3,30.692307692307693,13.238461538461538,11.384615384615383,961.376923076923,180.15384615384616,1.6,364.61538461538464,213.15384615384616,471.0769230769231
3,13,32.87692307692308,23.815384615384616,16.46153846153846,959.453846153846,118.6153846153846,0.9230769230769232,20.692307692307693,343.3076923076923,362.2307692307692
9,21,25.45384615384615,51.215384615384615,82.53846153846153,960.9230769230768,169.53846153846155,2.146153846153846,10.076923076923077,232.30769230769232,239.53846153846155
8,5,23.930769230769236,50.07692307692308,84.6923076923077,963.0307692307692,242.92307692307693,2.4538461538461536,135.30769230769232,228.84615384615384,322.38461538461536
12,15,31.207692307692305,24.67692307692308,15.615384615384617,960.6461538461538,118.76923076923076,0.7923076923076924,359.84615384615387,188.53846153846155,423.0769230769231
11,23,31.21666666666667,26.183333333333334,43.25,959.4833333333332,90.16666666666669,1.3583333333333334,328.25,257.9166666666667,448.4166666666667
2,15,33.23846153846154,21.26153846153846,16.846153846153847,958.5384615384615,110.3076923076923,1.7000000000000002,403.0769230769231,199.7692307692308,492.2307692307692
8,25,24.95384615384615,49.94615384615384,83.6923076923077,960.0,237.53846153846155,1.823076923076923,135.3846153846154,266.2307692307692,374.46153846153845
6,9,26.638461538461534,44.24615384615385,74.38461538461539,961.6384615384616,246.84615384615384,2.669230769230769,243.15384615384616,201.6153846153846,399.3076923076923
10,31,26.975,40.075,73.91666666666667,961.2083333333334,270.0833333333333,1.55,246.66666666666663,246.91666666666663,441.5833333333333
5,17,30.83076923076923,45.16923076923077,59.53846153846154,960.6461538461538,233.23076923076923,2.6538461538461537,381.3076923076923,199.53846153846155,500.1538461538461
11,10,29.866666666666664,29.308333333333334,37.41666666666666,960.925,135.66666666666666,1.45,445.4166666666667,191.08333333333331,504.1666666666667
3,4,34.2,29.53846153846154,28.846153846153847,960.7384615384616,178.46153846153845,1.3692307692307693,178.53846153846155,279.53846153846155,427.46153846153845
6,15,26.86923076923077,40.07692307692308,74.84615384615384,962.746153846154,242.53846153846155,1.9692307692307691,79.76923076923077,323.0,389.5384615384616
9,15,26.146153846153844,52.43076923076923,80.15384615384616,961.3692307692309,138.15384615384616,1.2153846153846155,67.15384615384616,313.84615384615387,345.0
1,14,30.63076923076923,14.76923076923077,15.307692307692308,960.3307692307692,118.53846153846152,1.5384615384615383,352.61538461538464,210.92307692307693,441.1538461538461
9,24,25.16923076923077,47.46923076923077,82.84615384615384,962.9692307692308,258.15384615384613,1.9615384615384612,187.15384615384616,249.3846153846154,410.6923076923077
11,21,31.508333333333336,23.941666666666663,30.75,958.5666666666666,91.58333333333331,1.575,335.5,230.08333333333331,475.75
3,15,32.2,35.753846153846155,39.69230769230769,957.7,232.6153846153846,1.9692307692307691,109.07692307692308,285.2307692307692,385.0769230769231
12,8,32.38333333333333,26.133333333333336,20.0,960.6,110.08333333333331,2.3,580.0,130.91666666666666,505.0833333333333
11,5,29.115384615384617,31.407692307692308,55.92307692307692,960.9692307692308,224.92307692307693,1.0076923076923077,591.9230769230769,110.23076923076924,512.9230769230769
2,5,32.91538461538461,15.753846153846156,11.23076923076923,960.1923076923076,109.3846153846154,1.7000000000000002,351.61538461538464,211.46153846153845,462.6923076923077
8,4,25.569230769230767,49.26923076923077,78.23076923076923,963.1923076923076,186.92307692307693,1.9615384615384612,140.30769230769232,239.23076923076923,325.61538461538464
7,22,25.73076923076923,46.76153846153846,78.61538461538461,961.4461538461538,217.84615384615384,1.4769230769230768,233.23076923076923,272.53846153846155,436.5384615384616
2,24,32.715384615384615,19.53076923076923,12.307692307692308,960.176923076923,159.46153846153845,1.3153846153846156,185.0,273.15384615384613,422.2307692307692
7,20,24.50769230769231,51.49230769230769,85.61538461538461,963.3076923076924,237.6153846153846,1.7923076923076924,118.07692307692308,272.15384615384613,364.6923076923077
4,10,30.069230769230767,51.03846153846154,55.0,959.9923076923076,179.30769230769232,3.4384615384615387,77.46153846153847,252.69230769230768,328.0769230769231
9,6,25.246153846153845,48.83076923076923,82.38461538461539,962.4307692307692,194.6153846153846,1.830769230769231,2.6923076923076925,276.9230769230769,279.2307692307692
7,24,23.71538461538461,51.42307692307692,88.46153846153847,961.0,266.2307692307692,1.9692307692307691,37.46153846153846,297.2307692307692,330.0
10,25,26.446153846153848,50.02307692307692,75.53846153846153,959.7923076923076,191.23076923076923,1.2,233.23076923076923,221.6153846153846,381.0769230769231
10,23,29.266666666666666,28.116666666666664,55.833333333333336,961.0916666666668,170.91666666666666,0.6333333333333333,589.9166666666666,156.33333333333334,564.9166666666666
12,19,31.29230769230769,18.1,19.615384615384617,960.3384615384616,99.84615384615384,2.0615384615384618,420.84615384615387,173.15384615384616,441.84615384615387
2,3,31.861538461538466,20.138461538461534,15.153846153846152,960.8307692307692,102.3846153846154,2.353846153846154,283.46153846153845,230.30769230769232,435.7692307692308
2,19,28.9,13.507692307692308,14.0,961.7307692307692,156.0,1.2153846153846155,53.69230769230769,326.61538461538464,369.84615384615387
6,10,27.9,41.03846153846154,62.84615384615385,962.4307692307692,211.15384615384616,2.107692307692308,283.15384615384613,266.84615384615387,457.3076923076923
9,1,25.53076923076923,49.53846153846154,82.15384615384616,960.5230769230768,159.6153846153846,1.507692307692308,239.07692307692307,284.84615384615387,457.84615384615387
7,14,24.207692307692305,50.05384615384616,83.0,960.876923076923,259.38461538461536,3.1769230769230767,25.692307692307693,277.9230769230769,288.84615384615387
12,20,31.207692307692305,15.892307692307693,18.53846153846154,960.2153846153846,142.92307692307693,1.4692307692307691,528.4615384615385,130.76923076923077,468.61538461538464
3,7,34.46923076923077,18.99230769230769,20.46153846153846,959.4769230769232,163.84615384615384,1.2230769230769232,366.9230769230769,225.84615384615384,502.46153846153845
1,15,32.2,15.792307692307691,15.076923076923077,959.123076923077,88.6923076923077,2.4,505.0769230769231,144.3846153846154,479.6923076923077
8,31,25.784615384615385,43.56153846153846,82.07692307692308,960.5538461538462,300.38461538461536,2.0307692307692307,379.3076923076923,192.7692307692308,505.9230769230769
5,29,30.37692307692308,48.392307692307696,57.92307692307692,959.9923076923076,129.76923076923077,0.6692307692307692,156.69230769230768,200.30769230769232,337.84615384615387
9,18,26.62307692307693,49.284615384615385,73.0,961.9923076923076,290.53846153846155,1.7076923076923076,229.46153846153845,178.07692307692307,331.15384615384613
5,15,31.17692307692308,45.73846153846154,51.23076923076923,959.4230769230768,141.07692307692307,1.5615384615384615,170.6153846153846,263.9230769230769,352.7692307692308
2,16,32.51538461538461,11.415384615384616,10.307692307692308,959.6846153846152,183.30769230769232,1.3384615384615384,361.0,211.15384615384616,489.5384615384616
10,11,25.32307692307692,49.7,82.53846153846153,959.746153846154,141.46153846153845,1.776923076923077,209.46153846153845,292.2307692307692,421.7692307692308
9,7,23.76923076923077,45.24615384615385,80.6923076923077,961.7692307692308,313.7692307692308,1.669230769230769,150.30769230769232,247.07692307692307,369.0
4,15,35.06923076923077,35.99230769230769,36.84615384615385,958.4615384615385,176.07692307692307,1.376923076923077,210.30769230769232,302.38461538461536,462.0
10,27,29.15833333333333,30.041666666666668,52.083333333333336,958.9916666666668,95.33333333333331,1.275,378.5,222.41666666666663,503.0
12,16,31.615384615384617,18.96923076923077,15.153846153846152,959.3538461538462,108.84615384615384,2.6153846153846154,529.2307692307693,125.0,466.7692307692308
8,31,24.338461538461537,50.62307692307692,85.92307692307692,961.6153846153846,263.53846153846155,2.2846153846153845,27.692307692307693,294.84615384615387,317.6923076923077
5,12,30.784615384615385,39.8,52.38461538461539,961.6923076923076,212.84615384615384,1.5615384615384615,285.2307692307692,246.6153846153846,470.1538461538461
7,3,26.346153846153847,47.27692307692308,75.6923076923077,962.2230769230767,187.30769230769232,1.7615384615384615,108.3076923076923,155.53846153846155,222.46153846153845
2,23,34.55384615384615,19.623076923076923,9.923076923076923,959.676923076923,67.53846153846153,2.523076923076923,339.9230769230769,222.23076923076923,478.38461538461536
12,20,31.353846153846156,18.953846153846158,23.53846153846154,959.4846153846154,125.6153846153846,1.507692307692308,368.6923076923077,189.53846153846155,428.61538461538464
10,9,24.884615384615383,48.43846153846154,81.23076923076923,960.246153846154,189.30769230769232,1.9153846153846152,454.7692307692308,178.6153846153846,501.38461538461536
10,21,26.200000000000003,49.62307692307692,76.6923076923077,961.4615384615385,156.3846153846154,0.7076923076923076,120.23076923076924,307.38461538461536,390.0
9,16,24.384615384615383,51.45384615384615,85.92307692307692,960.0846153846154,199.53846153846155,1.9538461538461536,36.0,285.2307692307692,311.84615384615387
2,4,32.98461538461539,15.453846153846154,9.307692307692308,959.8,115.3076923076923,1.9,429.3076923076923,175.69230769230768,485.38461538461536
6,27,25.515384615384612,46.88461538461539,79.76923076923077,959.9923076923076,188.69230769230768,1.7307692307692308,30.384615384615383,302.84615384615387,325.84615384615387
10,3,25.89230769230769,47.56923076923077,77.92307692307692,960.8384615384616,221.92307692307693,0.953846153846154,53.61538461538461,251.46153846153845,297.2307692307692
12,23,30.430769230769236,8.923076923076923,10.538461538461538,960.4153846153846,93.6923076923077,2.4,614.3846153846154,102.92307692307692,492.9230769230769
9,15,25.892307692307693,49.26153846153846,78.46153846153847,962.7769230769233,186.69230769230768,1.507692307692308,66.84615384615384,302.0,362.46153846153845
10,28,29.675,24.0,41.0,959.1,66.41666666666667,1.6,570.5833333333334,151.83333333333334,555.5833333333334
2,25,31.95384615384616,15.946153846153846,14.153846153846152,959.4461538461538,155.6153846153846,1.876923076923077,199.15384615384616,271.0769230769231,431.46153846153845
4,30,32.746153846153845,37.815384615384616,40.92307692307692,957.6538461538462,212.07692307692307,1.553846153846154,418.3076923076923,207.15384615384616,519.6153846153846
6,16,26.084615384615383,43.93076923076923,70.46153846153847,961.4153846153846,125.3846153846154,1.5846153846153848,92.46153846153848,262.9230769230769,328.0769230769231
3,26,30.27692307692308,42.823076923076925,51.30769230769231,959.3153846153848,285.61538461538464,2.2,127.0,289.2307692307692,402.9230769230769
3,19,33.9,33.63076923076923,36.30769230769231,958.5692307692308,247.3846153846154,1.2076923076923076,120.92307692307692,299.15384615384613,393.1538461538461
7,16,23.446153846153848,50.53076923076923,86.92307692307692,962.9692307692308,256.61538461538464,2.4384615384615382,183.30769230769232,241.7692307692308,386.2307692307692
5,7,31.67692307692308,45.5,54.15384615384615,958.7384615384616,235.46153846153845,1.876923076923077,147.15384615384616,299.61538461538464,405.3076923076923
11,12,31.09166666666667,35.175000000000004,27.83333333333333,960.325,88.75,2.466666666666667,410.8333333333333,201.66666666666663,488.9166666666667
4,20,29.569230769230767,35.33846153846154,57.84615384615385,961.0153846153846,233.0,1.7692307692307692,191.69230769230768,308.15384615384613,456.0769230769231
5,28,28.67692307692308,51.06923076923077,69.61538461538461,960.623076923077,286.2307692307692,0.9615384615384616,40.30769230769231,261.15384615384613,297.6923076923077
7,25,24.307692307692307,49.26153846153846,80.3076923076923,962.8307692307692,242.92307692307693,2.1384615384615384,11.923076923076923,207.6153846153846,209.92307692307693
2,21,33.9,21.16923076923077,13.615384615384617,958.0307692307692,96.07692307692308,2.292307692307692,238.92307692307693,261.3076923076923,445.46153846153845
7,27,20.93846153846154,51.400000000000006,92.3076923076923,963.3692307692309,233.84615384615384,2.0923076923076924,0.0,138.76923076923077,138.76923076923077
7,2,26.04615384615385,45.08461538461539,73.61538461538461,962.6153846153846,223.3846153846154,1.8000000000000005,188.0,264.84615384615387,413.1538461538461
11,8,29.791666666666668,36.60833333333333,38.41666666666666,962.075,135.41666666666666,1.275,344.75,221.58333333333331,476.0833333333333
1,3,32.284615384615385,22.41538461538461,26.692307692307693,959.176923076923,133.69230769230768,1.553846153846154,481.0,146.15384615384616,459.46153846153845
1,18,32.41538461538461,15.192307692307692,12.846153846153848,958.8,103.07692307692308,1.4230769230769231,510.2307692307692,144.92307692307693,485.1538461538461
12,1,31.5,15.808333333333332,18.666666666666668,960.0333333333332,105.58333333333331,2.591666666666667,708.5,94.58333333333331,542.8333333333334
5,27,29.800000000000004,40.44615384615384,58.07692307692308,960.5846153846154,227.69230769230768,1.5307692307692309,390.84615384615387,195.53846153846155,503.6923076923077
1,27,31.553846153846152,9.623076923076924,10.307692307692308,960.8,175.76923076923077,1.353846153846154,331.2307692307692,223.23076923076923,452.61538461538464
9,8,25.23846153846154,50.77692307692308,85.61538461538461,959.7230769230767,289.7692307692308,1.984615384615385,156.0,251.30769230769232,378.0
1,11,31.96923076923077,22.161538461538463,20.384615384615383,961.6,142.07692307692307,1.2999999999999998,197.07692307692307,242.46153846153845,377.1538461538461
10,30,30.1,25.133333333333336,46.5,960.1083333333332,120.0,1.1166666666666667,623.0,131.83333333333334,563.3333333333334
10,7,25.846153846153847,43.56923076923077,75.07692307692308,961.2076923076924,184.46153846153845,1.1,90.53846153846152,290.38461538461536,361.9230769230769
6,12,27.33076923076923,47.323076923076925,64.15384615384616,961.7307692307692,214.69230769230768,2.0538461538461537,207.23076923076923,189.23076923076923,377.0
9,17,25.892307692307693,50.62307692307692,79.3076923076923,960.2846153846154,248.30769230769232,1.169230769230769,131.3846153846154,301.0,410.84615384615387
10,14,26.700000000000003,45.61538461538461,75.15384615384616,961.4,226.84615384615384,1.1538461538461535,141.15384615384616,223.53846153846155,345.84615384615387
10,17,27.069230769230767,48.94615384615384,73.6923076923077,960.7615384615384,110.3846153846154,0.9615384615384616,210.46153846153845,268.0769230769231,435.0
5,19,31.27692307692308,40.69230769230769,49.76923076923077,960.2230769230767,204.30769230769232,1.2538461538461538,251.07692307692307,262.3076923076923,456.0769230769231
9,30,26.476923076923075,47.3,72.76923076923077,960.876923076923,149.30769230769232,1.053846153846154,617.6923076923077,101.07692307692308,553.9230769230769
8,3,25.63076923076923,49.70769230769231,76.0,962.8,220.92307692307693,1.176923076923077,3.076923076923077,222.84615384615384,223.46153846153845
11,22,28.825,32.025,58.833333333333336,960.275,239.5,1.6416666666666666,294.4166666666667,248.08333333333331,447.75
10,9,25.96923076923077,47.67692307692308,76.07692307692308,961.8538461538462,200.7692307692308,1.4769230769230768,227.92307692307693,251.46153846153845,387.38461538461536
5,16,31.523076923076925,46.46153846153846,53.53846153846154,960.0230769230768,199.07692307692307,2.169230769230769,303.7692307692308,257.53846153846155,474.2307692307692
8,22,24.884615384615383,42.46153846153846,79.61538461538461,961.623076923077,217.92307692307693,2.0615384615384618,251.30769230769232,249.53846153846155,425.7692307692308
7,7,25.784615384615385,49.86153846153847,81.07692307692308,959.7153846153846,177.07692307692307,1.7076923076923076,217.30769230769232,253.30769230769232,417.2307692307692
11,2,27.475,45.31666666666666,64.83333333333333,959.525,137.33333333333334,1.3083333333333331,301.4166666666667,223.91666666666663,438.5833333333333
10,19,27.60833333333333,35.35,70.66666666666667,960.3583333333332,230.66666666666663,1.1083333333333334,415.6666666666667,228.83333333333331,517.6666666666666
4,26,30.976923076923075,41.87692307692308,53.15384615384615,958.9769230769232,230.23076923076923,1.3461538461538465,151.84615384615384,285.3076923076923,403.84615384615387
12,31,31.146153846153844,18.146153846153847,18.692307692307693,959.5153846153846,110.84615384615384,2.7,509.84615384615387,139.53846153846155,466.7692307692308
6,5,26.523076923076925,45.06923076923077,65.6923076923077,961.3307692307692,187.46153846153845,2.4307692307692306,196.30769230769232,233.46153846153845,396.84615384615387
12,22,31.084615384615383,21.138461538461534,20.46153846153846,959.3615384615384,139.6153846153846,1.853846153846154,445.3076923076923,152.30769230769232,448.2307692307692
1,23,31.284615384615385,10.3,10.538461538461538,960.8153846153848,81.38461538461539,3.123076923076923,264.53846153846155,250.07692307692307,423.0
5,20,29.29230769230769,39.41538461538461,60.23076923076923,961.046153846154,228.23076923076923,2.0846153846153848,122.84615384615384,299.84615384615387,394.84615384615387
9,3,25.59230769230769,46.6,82.23076923076923,961.4846153846154,183.30769230769232,1.353846153846154,300.61538461538464,207.07692307692307,464.3076923076923
2,1,31.29230769230769,11.061538461538465,11.461538461538462,961.2692307692308,148.69230769230768,1.507692307692308,435.5384615384616,184.07692307692307,487.6923076923077
6,19,27.638461538461534,45.35384615384616,63.92307692307692,962.176923076923,251.23076923076923,1.3384615384615384,215.46153846153845,277.53846153846155,417.7692307692308
4,17,32.39230769230769,40.00769230769231,49.92307692307692,958.0230769230768,202.23076923076923,2.207692307692308,109.07692307692308,336.0769230769231,420.84615384615387
9,19,26.976923076923075,45.66923076923077,75.61538461538461,960.4384615384616,278.38461538461536,1.0307692307692309,247.53846153846155,191.6153846153846,391.7692307692308
10,5,25.661538461538463,49.91538461538461,79.84615384615384,960.3846153846154,191.30769230769232,1.823076923076923,202.84615384615384,280.7692307692308,400.38461538461536
6,28,25.192307692307693,48.86153846153847,82.15384615384616,960.8692307692309,210.30769230769232,1.484615384615385,70.46153846153847,207.46153846153845,253.30769230769232
4,27,31.76153846153846,41.70769230769231,49.76923076923077,957.2307692307692,216.0,1.723076923076923,86.07692307692308,267.15384615384613,329.15384615384613
6,24,27.246153846153845,45.138461538461534,63.76923076923077,962.0153846153846,128.46153846153845,1.9153846153846152,356.46153846153845,230.15384615384616,472.5384615384616
7,10,23.50769230769231,49.62307692307692,85.07692307692308,963.1692307692308,251.0,1.2230769230769232,94.0,267.61538461538464,344.0
11,30,31.683333333333334,15.683333333333332,16.75,960.8,93.75,1.9833333333333332,709.5,93.91666666666669,544.9166666666666
12,3,29.816666666666663,19.683333333333334,29.75,959.9083333333332,139.33333333333334,1.4916666666666665,416.3333333333333,194.41666666666663,482.25
12,30,30.069230769230767,13.561538461538465,11.923076923076923,959.246153846154,179.84615384615384,1.4692307692307691,552.3846153846154,123.76923076923076,478.0
5,11,30.700000000000003,40.98461538461538,46.61538461538461,961.1615384615384,233.15384615384616,0.9615384615384616,445.6923076923077,165.76923076923077,523.1538461538462
12,12,30.41538461538461,24.76153846153846,16.846153846153847,959.8846153846154,119.15384615384616,1.7999999999999998,560.0,116.3076923076923,471.7692307692308
2,17,31.86923076923077,13.961538461538462,11.615384615384617,959.9307692307692,127.6153846153846,2.3846153846153846,341.6923076923077,226.7692307692308,479.5384615384616
1,14,33.03846153846154,16.73846153846154,16.692307692307693,958.4461538461538,123.23076923076924,1.623076923076923,451.61538461538464,168.23076923076923,463.46153846153845
1,25,32.338461538461544,14.392307692307693,11.846153846153848,959.5153846153846,143.15384615384616,0.8384615384615385,435.5384615384616,177.46153846153845,474.0
1,2,27.46153846153846,17.8,16.076923076923077,961.6846153846152,102.6153846153846,1.6076923076923075,349.61538461538464,197.0,428.0
7,31,23.96153846153846,51.08461538461539,86.6923076923077,963.8153846153848,220.0,2.407692307692308,71.15384615384616,259.46153846153845,296.0769230769231
10,12,25.253846153846155,46.38461538461539,80.0,960.3538461538462,152.15384615384616,1.6153846153846154,175.84615384615384,269.2307692307692,389.7692307692308
5,2,32.646153846153844,31.584615384615383,40.30769230769231,957.5923076923076,232.46153846153845,1.507692307692308,25.07692307692308,313.84615384615387,337.61538461538464
10,15,26.315384615384616,41.97692307692308,80.23076923076923,960.3307692307692,221.0,1.7461538461538462,111.46153846153848,313.46153846153845,402.38461538461536
4,4,30.923076923076923,40.6,55.84615384615385,959.3076923076924,235.0,2.069230769230769,117.6923076923077,328.0,425.46153846153845
5,3,30.584615384615383,36.77692307692308,51.84615384615385,957.8,208.46153846153845,2.0,44.69230769230769,309.0769230769231,347.7692307692308
2,22,31.638461538461534,16.592307692307692,11.923076923076923,959.6923076923076,160.6153846153846,1.4230769230769231,154.6153846153846,275.7692307692308,408.0
11,16,30.366666666666664,17.341666666666665,23.25,959.975,105.58333333333331,2.8166666666666664,615.8333333333334,133.83333333333334,546.0
12,24,30.907692307692308,11.076923076923077,11.923076923076923,960.3384615384616,164.69230769230768,1.0769230769230769,631.9230769230769,99.92307692307692,494.0
9,30,25.015384615384612,49.79230769230769,82.07692307692308,961.1846153846152,180.07692307692307,1.907692307692308,36.07692307692308,223.69230769230768,238.6153846153846
4,22,31.23076923076923,47.45384615384615,54.30769230769231,958.7153846153846,237.84615384615384,2.1538461538461537,212.23076923076923,308.3076923076923,452.0
5,8,28.59230769230769,47.07692307692308,60.38461538461539,961.2692307692308,160.23076923076923,2.446153846153846,117.0,310.15384615384613,395.46153846153845
1,25,29.700000000000003,6.200000000000001,7.230769230769231,961.4923076923076,79.53846153846153,3.369230769230769,494.2307692307692,169.6153846153846,496.6923076923077
3,30,33.2,19.476923076923075,15.538461538461538,958.7692307692308,97.53846153846152,2.076923076923077,0.0,357.6923076923077,357.6923076923077
6,14,28.06153846153846,42.63076923076923,69.53846153846153,962.2923076923076,229.46153846153845,1.6153846153846154,136.3846153846154,319.61538461538464,417.0769230769231
9,2,22.338461538461537,48.01538461538462,88.92307692307692,960.7384615384616,255.84615384615384,1.3846153846153846,276.2307692307692,243.15384615384616,429.84615384615387
2,5,30.984615384615385,15.623076923076924,8.846153846153847,961.2769230769233,160.76923076923077,1.807692307692308,357.38461538461536,212.92307692307693,469.0769230769231
5,28,31.00769230769231,40.96153846153846,53.61538461538461,959.8538461538462,194.46153846153845,1.2230769230769232,257.0769230769231,265.7692307692308,467.5384615384616
4,11,32.80769230769231,36.88461538461539,41.23076923076923,957.2923076923076,232.6153846153846,2.1153846153846154,241.69230769230768,200.0,424.46153846153845
9,27,24.96153846153846,45.11538461538461,76.46153846153847,960.2384615384616,194.0,1.6076923076923075,182.3846153846154,263.2307692307692,415.38461538461536
6,10,28.71538461538461,45.72307692307693,63.23076923076923,959.5230769230768,170.46153846153845,1.5769230769230769,555.8461538461538,129.6153846153846,543.1538461538462
7,19,23.50769230769231,50.715384615384615,89.61538461538461,962.246153846154,232.69230769230768,1.7384615384615385,97.84615384615384,246.0,307.46153846153845
6,13,28.207692307692305,42.823076923076925,68.15384615384616,961.676923076923,188.0,0.9153846153846156,237.46153846153845,237.6153846153846,420.38461538461536
2,21,31.484615384615385,17.784615384615385,11.692307692307692,960.5153846153844,164.3846153846154,1.2538461538461538,30.384615384615383,320.2307692307692,346.6923076923077
9,29,26.115384615384617,44.14615384615384,76.61538461538461,961.4,224.3846153846154,1.8923076923076925,44.30769230769231,331.84615384615387,366.46153846153845
9,5,23.523076923076925,51.24615384615385,88.38461538461539,960.9923076923076,254.15384615384616,2.730769230769231,3.4615384615384617,160.84615384615384,161.30769230769232
10,2,25.523076923076925,48.80769230769231,81.0,961.2769230769233,233.53846153846155,0.9692307692307692,109.07692307692308,230.3846153846154,303.38461538461536
9,25,26.50769230769231,44.08461538461539,79.46153846153847,961.1538461538462,217.84615384615384,1.4307692307692308,131.46153846153845,308.46153846153845,419.0
8,26,25.200000000000003,48.29230769230769,76.3076923076923,962.376923076923,219.92307692307693,1.5846153846153843,116.46153846153848,215.15384615384616,316.0
1,1,30.392307692307693,17.43846153846154,14.615384615384617,960.1615384615384,168.53846153846155,1.2461538461538462,507.9230769230769,138.46153846153845,467.38461538461536
8,3,21.184615384615384,51.86923076923077,95.07692307692308,964.2384615384616,261.61538461538464,2.769230769230769,17.23076923076923,203.84615384615384,207.3846153846154
8,11,23.53846153846154,53.37692307692308,91.0,961.9230769230768,241.69230769230768,2.430769230769231,19.692307692307693,188.69230769230768,194.15384615384616
8,16,25.584615384615383,43.607692307692304,77.0,960.5538461538462,289.38461538461536,2.6384615384615384,437.46153846153845,181.92307692307693,517.6923076923077
10,29,29.666666666666668,28.366666666666664,45.833333333333336,960.0333333333332,218.16666666666663,0.4666666666666666,565.3333333333334,157.58333333333334,547.25
4,7,32.37692307692308,45.96923076923077,49.07692307692308,959.0384615384615,235.69230769230768,2.0461538461538464,384.5384615384616,216.0,514.8461538461538
4,22,32.34615384615385,42.20769230769231,43.69230769230769,958.2,162.23076923076923,1.9307692307692308,274.0,229.46153846153845,456.84615384615387
8,15,24.26153846153846,50.46153846153846,87.6923076923077,960.8846153846154,263.53846153846155,2.392307692307692,93.76923076923076,253.53846153846155,335.0769230769231
5,9,31.115384615384617,45.87692307692308,57.07692307692308,959.9,206.6153846153846,2.0307692307692307,6.0,270.61538461538464,275.9230769230769
5,9,26.876923076923077,47.99230769230769,68.07692307692308,962.0,165.15384615384616,2.330769230769231,145.3846153846154,252.46153846153845,378.61538461538464
9,25,25.838461538461537,44.35384615384616,74.84615384615384,962.4461538461538,141.6153846153846,2.0615384615384618,67.15384615384616,235.7692307692308,264.6923076923077
6,7,26.83076923076923,41.83076923076923,75.53846153846153,962.7384615384616,246.84615384615384,1.8846153846153848,298.6923076923077,235.07692307692307,459.61538461538464
1,22,32.46153846153846,16.715384615384615,13.692307692307692,960.4923076923076,62.30769230769231,2.907692307692308,421.84615384615387,173.6153846153846,464.84615384615387
